{
    "installed": {
        "client_id": "822456239247-98ta8tbgetcgkhejthgmlv9k3bfqmn4r.apps.googleusercontent.com",
        "project_id": "sixth-emissary-240213",
        "auth_uri": "https://accounts.google.com/o/oauth2/auth",
        "token_uri": "https://oauth2.googleapis.com/token",
        "auth_provider_x509_cert_url": "https://www.googleapis.com/oauth2/v1/certs",
        "client_secret": "4Ey_5aGpAaU-EhcGZMeuDRp8",
        "redirect_uris": [
            "urn:ietf:wg:oauth:2.0:oob",
            "http://localhost"
        ]
    }
}